,Team,Date,Rank
0,Ohio State,20080801,1
1,Florida,20080801,2
2,Georgia,20080801,3
3,LSU,20080801,4
4,USC,20080801,5
5,Missouri,20080801,6
6,Auburn,20080801,7
7,Oklahoma,20080801,8
8,West Virginia,20080801,9
9,Clemson,20080801,10
10,Virginia Tech,20080801,11
11,South Florida,20080801,12
12,Arizona State,20080801,13
13,Oregon,20080801,14
14,South Carolina,20080801,15
15,Tennessee,20080801,16
16,Kansas,20080801,17
17,BYU,20080801,18
18,Texas,20080801,19
19,Penn State,20080801,20
20,Alabama,20080801,21
21,California,20080801,22
22,Wisconsin,20080801,23
23,Texas Tech,20080801,24
24,Rutgers,20080801,25
25,Florida State,20080801,26
26,Utah,20080801,27
27,Boston College,20080801,28
28,Oklahoma State,20080801,29
29,Wake Forest,20080801,30
30,Cincinnati,20080801,31
31,Kentucky,20080801,32
32,Oregon State,20080801,33
33,Arkansas,20080801,34
34,Arizona,20080801,35
35,Maryland,20080801,36
36,Michigan,20080801,37
37,Washington,20080801,38
38,Connecticut,20080801,39
39,Illinois,20080801,40
40,Pittsburgh,20080801,41
41,Mississippi State,20080801,42
42,TCU,20080801,43
43,Boise State,20080801,44
44,UCLA,20080801,45
45,Louisville,20080801,46
46,Texas A&M,20080801,47
47,Notre Dame,20080801,48
48,Colorado,20080801,49
49,Michigan State,20080801,50
50,East Carolina,20080801,51
51,Kansas State,20080801,52
52,Nebraska,20080801,53
53,Purdue,20080801,54
54,Fresno State,20080801,55
55,North Carolina,20080801,56
56,Tulsa,20080801,57
57,Virginia,20080801,58
58,UCF,20080801,59
59,Iowa,20080801,60
60,Troy,20080801,61
61,Vanderbilt,20080801,62
62,Hawai'i,20080801,63
63,Indiana,20080801,64
64,Florida Atlantic,20080801,65
65,Miami (Florida),20080801,66
66,Stanford,20080801,67
67,Ball State,20080801,68
68,Northwestern,20080801,69
69,Georgia Tech,20080801,70
70,Mississippi,20080801,71
71,Central Michigan,20080801,72
72,Washington State,20080801,73
73,Minnesota,20080801,74
74,North Carolina State,20080801,75
75,New Mexico,20080801,76
76,Air Force,20080801,77
77,Wyoming,20080801,78
78,Western Michigan,20080801,79
79,Houston,20080801,80
80,Bowling Green,20080801,81
81,Middle Tennessee,20080801,82
82,Southern Mississippi,20080801,83
83,Nevada,20080801,84
84,Syracuse,20080801,85
85,Miami (Ohio),20080801,86
86,Louisiana-Monroe,20080801,87
87,Marshall,20080801,88
88,Baylor,20080801,89
89,Navy,20080801,90
90,Iowa State,20080801,91
91,UTEP,20080801,92
92,San Diego State,20080801,93
93,Toledo,20080801,94
94,Buffalo,20080801,95
95,Memphis,20080801,96
96,Ohio,20080801,97
97,UNLV,20080801,98
98,Kent State,20080801,99
99,Tulane,20080801,100
100,Temple,20080801,101
101,Rice,20080801,102
102,WKU,20080801,103
103,San Jose State,20080801,104
104,Arkansas State,20080801,105
105,UAB,20080801,106
106,Akron,20080801,107
107,Colorado State,20080801,108
108,Louisiana Tech,20080801,109
109,Louisiana-Lafayette,20080801,110
110,Duke,20080801,111
111,Eastern Michigan,20080801,112
112,Northern Illinois,20080801,113
113,North Texas,20080801,114
114,New Mexico State,20080801,115
115,Idaho,20080801,116
116,Utah State,20080801,117
117,SMU,20080801,118
118,Army,20080801,119
119,Florida International,20080801,120
120,USC,20080901,1
121,Appalachian State,20080901,2
122,James Madison,20080901,3
123,LSU,20080901,4
124,Ohio State,20080901,5
125,Massachusetts,20080901,6
126,N Dakota State,20080901,7
127,Florida,20080901,8
128,Virginia Tech,20080901,9
129,Northern Iowa,20080901,10
130,Southern Illinois,20080901,11
131,Georgia,20080901,12
132,West Virginia,20080901,13
133,Delaware,20080901,14
134,New Hampshire,20080901,15
135,Oklahoma,20080901,16
136,Michigan,20080901,17
137,Montana,20080901,18
138,Richmond,20080901,19
139,Auburn,20080901,20
140,Oregon,20080901,21
141,Eastern Washington,20080901,22
142,North Dakota,20080901,23
143,Texas,20080901,24
144,Tennessee,20080901,25
145,Youngstown State,20080901,26
146,Villanova,20080901,27
147,California,20080901,28
148,Oregon State,20080901,29
149,Cal Poly SLO,20080901,30
150,S Dakota State,20080901,31
151,Arkansas,20080901,32
152,Boston College,20080901,33
153,Furman,20080901,34
154,Wofford,20080901,35
155,Clemson,20080901,36
156,Louisville,20080901,37
157,Ga Southern,20080901,38
158,Hofstra,20080901,39
159,Missouri,20080901,40
160,UCLA,20080901,41
161,Northeastern,20080901,42
162,UCentral Davis,20080901,43
163,Arizona State,20080901,44
164,Penn State,20080901,45
165,McNeese State,20080901,46
166,Illinois State,20080901,47
167,South Carolina,20080901,48
168,Florida State,20080901,49
169,Maine,20080901,50
170,Portland State,20080901,51
171,Wisconsin,20080901,52
172,BYU,20080901,53
173,Western Illinois,20080901,54
174,Northern Arizona,20080901,55
175,Kansas,20080901,56
176,Wake Forest,20080901,57
177,South Dakota,20080901,58
178,Montana State,20080901,59
179,Alabama,20080901,60
180,South Florida,20080901,61
181,William & Mary,20080901,62
182,Harvard,20080901,63
183,Arizona,20080901,64
184,Texas Tech,20080901,65
185,Citadel,20080901,66
186,Yale,20080901,67
187,Maryland,20080901,68
188,Notre Dame,20080901,69
189,Rhode Island,20080901,70
190,Towson,20080901,71
191,Cincinnati,20080901,72
192,Washington State,20080901,73
193,Elon,20080901,74
194,Cent Arkansas,20080901,75
195,Kentucky,20080901,76
196,Utah,20080901,77
197,Weber State,20080901,78
198,Sam Houston State,20080901,79
199,Georgia Tech,20080901,80
200,Washington,20080901,81
201,Northwestern LA,20080901,82
202,Missouri State,20080901,83
203,Oklahoma State,20080901,84
204,Texas A&M,20080901,85
205,Eastern Kentucky,20080901,86
206,Texas State,20080901,87
207,Miami (Florida),20080901,88
208,Rutgers,20080901,89
209,Chattanooga,20080901,90
210,CSouthern Sacramento,20080901,91
211,Nebraska,20080901,92
212,Virginia,20080901,93
213,Lehigh,20080901,94
214,Idaho State,20080901,95
215,Michigan State,20080901,96
216,TCU,20080901,97
217,Nicholls State,20080901,98
218,Penn,20080901,99
219,Boise State,20080901,100
220,Pittsburgh,20080901,101
221,Southern Utah,20080901,102
222,Holy Cross,20080901,103
223,Purdue,20080901,104
224,Vanderbilt,20080901,105
225,Eastern Illinois,20080901,106
226,Lafayette,20080901,107
227,Iowa,20080901,108
228,Kansas State,20080901,109
229,Colgate,20080901,110
230,Western Carolina,20080901,111
231,Colorado,20080901,112
232,Connecticut,20080901,113
233,Brown,20080901,114
234,S Carolina State,20080901,115
235,Illinois,20080901,116
236,North Carolina State,20080901,117
237,Princeton,20080901,118
238,Hampton,20080901,119
239,Stanford,20080901,120
240,Mississippi State,20080906,1
241,Liberty,20080906,2
242,SF Austin,20080906,3
243,North Carolina,20080906,4
244,Hawai'i,20080906,5
245,Jacksonville State,20080906,6
246,SEastern Louisiana,20080906,7
247,Air Force,20080906,8
248,Minnesota,20080906,9
249,Northern Colorado,20080906,10
250,Coastal Car,20080906,11
251,Mississippi,20080906,12
252,Fresno State,20080906,13
253,Grambling,20080906,14
254,Dartmouth,20080906,15
255,Navy,20080906,16
256,Northwestern,20080906,17
257,San Diego,20080906,18
258,Cornell,20080906,19
259,New Mexico,20080906,20
260,Indiana,20080906,21
261,Delaware State,20080906,22
262,TNorthern Martin,20080906,23
263,Tulsa,20080906,24
264,Southern Mississippi,20080906,25
265,Albany NY,20080906,26
266,Fordham,20080906,27
267,Troy,20080906,28
268,Iowa State,20080906,29
269,Alabama A&M,20080906,30
270,Stony Brook,20080906,31
271,UCF,20080906,32
272,East Carolina,20080906,33
273,Southern Univ,20080906,34
274,Jackson State,20080906,35
275,Wyoming,20080906,36
276,Syracuse,20080906,37
277,Gardner Webb,20080906,38
278,Tennessee State,20080906,39
279,Colorado State,20080906,40
280,Houston,20080906,41
281,Bucknell,20080906,42
282,Presbyterian,20080906,43
283,Central Michigan,20080906,44
284,San Diego State,20080906,45
285,Alabama State,20080906,46
286,Indiana State,20080906,47
287,Nevada,20080906,48
288,Duke,20080906,49
289,Dayton,20080906,50
290,Ark Pine Bluff,20080906,51
291,Ball State,20080906,52
292,Middle Tennessee,20080906,53
293,Tennessee Tech,20080906,54
294,Florida A&M,20080906,55
295,Baylor,20080906,56
296,Marshall,20080906,57
297,Samford,20080906,58
298,Norfolk State,20080906,59
299,Western Michigan,20080906,60
300,Bowling Green,20080906,61
301,Morgan State,20080906,62
302,Columbia,20080906,63
303,Louisiana-Monroe,20080906,64
304,Florida Atlantic,20080906,65
305,Bethune-Cookman,20080906,66
306,Monmouth NJ,20080906,67
307,Miami (Ohio),20080906,68
308,San Jose State,20080906,69
309,SE Missouri State,20080906,70
310,Alcorn State,20080906,71
311,Northern Illinois,20080906,72
312,UNLV,20080906,73
313,W Salem State,20080906,74
314,Murray State,20080906,75
315,Memphis,20080906,76
316,Toledo,20080906,77
317,Charleston So,20080906,78
318,Howard,20080906,79
319,Ohio,20080906,80
320,UAB,20080906,81
321,Drake,20080906,82
322,Prairie View,20080906,83
323,UTEP,20080906,84
324,Louisiana Tech,20080906,85
325,VMI,20080906,86
326,Central Conn,20080906,87
327,Akron,20080906,88
328,SMU,20080906,89
329,Georgetown,20080906,90
330,MS Valley State,20080906,91
331,Louisiana-Lafayette,20080906,92
332,Rice,20080906,93
333,NCentral Central,20080906,94
334,Robert Morris,20080906,95
335,Tulane,20080906,96
336,Arkansas State,20080906,97
337,TX Southern,20080906,98
338,Duquesne,20080906,99
339,Army,20080906,100
340,Eastern Michigan,20080906,101
341,Austin Peay,20080906,102
342,Morehead State,20080906,103
343,Kent State,20080906,104
344,Utah State,20080906,105
345,Davidson,20080906,106
346,NCentral A&T,20080906,107
347,North Texas,20080906,108
348,WKU,20080906,109
349,Wagner,20080906,110
350,Jacksonville,20080906,111
351,New Mexico State,20080906,112
352,Temple,20080906,113
353,Marist,20080906,114
354,St Francis PA,20080906,115
355,Buffalo,20080906,116
356,Idaho,20080906,117
357,Sacred Heart,20080906,118
358,Bryant,20080906,119
359,Florida International,20080906,120
360,Iona,20080913,1
361,Butler,20080913,2
362,Valparaiso,20080913,3
363,Savannah State,20080913,4
364,Campbell,20080913,5
365,Georgia,20080913,6
366,Ohio State,20080913,7
367,USC,20080913,8
368,Oklahoma,20080913,9
369,Florida,20080913,10
370,Missouri,20080913,11
371,LSU,20080913,12
372,West Virginia,20080913,13
373,Clemson,20080913,14
374,Auburn,20080913,15
375,Texas,20080913,16
376,Texas Tech,20080913,17
377,Wisconsin,20080913,18
378,Kansas,20080913,19
379,Arizona State,20080913,20
380,BYU,20080913,21
381,Virginia Tech,20080913,22
382,Tennessee,20080913,23
383,South Florida,20080913,24
384,Illinois,20080913,25
385,Oregon,20080913,26
386,Penn State,20080913,27
387,Wake Forest,20080913,28
388,Alabama,20080913,29
389,Pittsburgh,20080913,30
390,LSU,20080913,31
391,West Virginia,20080913,32
392,Florida,20080913,33
393,USC,20080913,34
394,Oklahoma,20080913,35
395,Ohio State,20080913,36
396,Missouri,20080913,37
397,Kansas,20080913,38
398,Clemson,20080913,39
399,BYU,20080913,40
400,Virginia Tech,20080913,41
401,Cincinnati,20080913,42
402,Georgia,20080913,43
403,Arkansas,20080913,44
404,South Florida,20080913,45
405,Oregon,20080913,46
406,Oregon State,20080913,47
407,Boston College,20080913,48
408,Michigan,20080913,49
409,Wake Forest,20080913,50
410,Arizona State,20080913,51
411,Tennessee,20080913,52
412,Texas,20080913,53
413,Boise State,20080913,54
414,Rutgers,20080913,55
415,Auburn,20080913,56
416,Utah,20080913,57
417,Hawai'i,20080913,58
418,Kentucky,20080913,59
419,Penn State,20080913,60
420,California,20080913,61
421,Oklahoma State,20080913,62
422,Texas Tech,20080913,63
423,Wisconsin,20080913,64
424,Air Force,20080913,65
425,Illinois,20080913,66
426,TCU,20080913,67
427,Louisville,20080913,68
428,Connecticut,20080913,69
429,Arizona,20080913,70
430,Virginia,20080913,71
431,Texas A&M,20080913,72
432,UCLA,20080913,73
433,Florida State,20080913,74
434,Alabama,20080913,75
435,Georgia Tech,20080913,76
436,South Carolina,20080913,77
437,Maryland,20080913,78
438,Troy,20080913,79
439,East Carolina,20080913,80
440,Purdue,20080913,81
441,New Mexico,20080913,82
442,Michigan State,20080913,83
443,Kansas State,20080913,84
444,Pittsburgh,20080913,85
445,UCF,20080913,86
446,Houston,20080913,87
447,Tulsa,20080913,88
448,Washington State,20080913,89
449,Navy,20080913,90
450,Vanderbilt,20080913,91
451,Ball State,20080913,92
452,Florida Atlantic,20080913,93
453,Iowa,20080913,94
454,Central Michigan,20080913,95
455,Mississippi State,20080913,96
456,Southern Mississippi,20080913,97
457,Nevada,20080913,98
458,Indiana,20080913,99
459,WKU,20080913,100
460,Nebraska,20080913,101
461,San Jose State,20080913,102
462,Middle Tennessee,20080913,103
463,Fresno State,20080913,104
464,Ohio,20080913,105
465,Louisiana-Monroe,20080913,106
466,Colorado,20080913,107
467,Western Michigan,20080913,108
468,Miami (Florida),20080913,109
469,Wyoming,20080913,110
470,Washington,20080913,111
471,Bowling Green,20080913,112
472,Notre Dame,20080913,113
473,North Carolina,20080913,114
474,UTEP,20080913,115
475,Buffalo,20080913,116
476,Arkansas State,20080913,117
477,Colorado State,20080913,118
478,Kent State,20080913,119
479,Northwestern,20080913,120
480,Akron,20080920,1
481,Memphis,20080920,2
482,Mississippi,20080920,3
483,Rice,20080920,4
484,Marshall,20080920,5
485,Miami (Ohio),20080920,6
486,Tulane,20080920,7
487,North Carolina State,20080920,8
488,Toledo,20080920,9
489,New Mexico State,20080920,10
490,San Diego State,20080920,11
491,UNLV,20080920,12
492,Eastern Michigan,20080920,13
493,Temple,20080920,14
494,SMU,20080920,15
495,Louisiana-Lafayette,20080920,16
496,Stanford,20080920,17
497,Louisiana Tech,20080920,18
498,Minnesota,20080920,19
499,Syracuse,20080920,20
500,Northern Illinois,20080920,21
501,Duke,20080920,22
502,Iowa State,20080920,23
503,Idaho,20080920,24
504,Army,20080920,25
505,UAB,20080920,26
506,Utah State,20080920,27
507,Baylor,20080920,28
508,North Texas,20080920,29
509,Florida International,20080920,30
510,LSU,20080920,31
511,Kansas,20080920,32
512,USC,20080920,33
513,Ohio State,20080920,34
514,West Virginia,20080920,35
515,Georgia,20080920,36
516,Missouri,20080920,37
517,Hawai'i,20080920,38
518,Virginia Tech,20080920,39
519,Oklahoma,20080920,40
520,Texas,20080920,41
521,Arizona State,20080920,42
522,Boston College,20080920,43
523,Illinois,20080920,44
524,BYU,20080920,45
525,Tennessee,20080920,46
526,Michigan,20080920,47
527,Wisconsin,20080920,48
528,Florida,20080920,49
529,Oregon State,20080920,50
530,Cincinnati,20080920,51
531,Auburn,20080920,52
532,Arkansas,20080920,53
533,Oregon,20080920,54
534,Wake Forest,20080920,55
535,Connecticut,20080920,56
536,Clemson,20080920,57
537,Boise State,20080920,58
538,Penn State,20080920,59
539,Texas Tech,20080920,60
540,Virginia,20080920,61
541,Kentucky,20080920,62
542,South Florida,20080920,63
543,Utah,20080920,64
544,Florida State,20080920,65
545,Michigan State,20080920,66
546,Texas A&M,20080920,67
547,Louisville,20080920,68
548,Mississippi State,20080920,69
549,Rutgers,20080920,70
550,Oklahoma State,20080920,71
551,TCU,20080920,72
552,Arizona,20080920,73
553,New Mexico,20080920,74
554,Maryland,20080920,75
555,California,20080920,76
556,Fresno State,20080920,77
557,Air Force,20080920,78
558,UCLA,20080920,79
559,Georgia Tech,20080920,80
560,South Carolina,20080920,81
561,UCF,20080920,82
562,Tulsa,20080920,83
563,Navy,20080920,84
564,Purdue,20080920,85
565,East Carolina,20080920,86
566,Florida Atlantic,20080920,87
567,Alabama,20080920,88
568,Nebraska,20080920,89
569,Northwestern,20080920,90
570,Washington State,20080920,91
571,Indiana,20080920,92
572,Houston,20080920,93
573,Colorado,20080920,94
574,Notre Dame,20080920,95
575,Washington,20080920,96
576,Troy,20080920,97
577,Kansas State,20080920,98
578,Stanford,20080920,99
579,Miami (Florida),20080920,100
580,Central Michigan,20080920,101
581,Iowa,20080920,102
582,Pittsburgh,20080920,103
583,Vanderbilt,20080920,104
584,Ball State,20080920,105
585,North Carolina,20080920,106
586,Iowa State,20080920,107
587,San Jose State,20080920,108
588,North Carolina State,20080920,109
589,Nevada,20080920,110
590,Memphis,20080920,111
591,Wyoming,20080920,112
592,Bowling Green,20080920,113
593,Southern Mississippi,20080920,114
594,Louisiana Tech,20080920,115
595,Baylor,20080920,116
596,Ohio,20080920,117
597,UTEP,20080920,118
598,Western Michigan,20080920,119
599,Mississippi,20080920,120
600,San Diego State,20080927,1
601,Toledo,20080927,2
602,Minnesota,20080927,3
603,Buffalo,20080927,4
604,Miami (Ohio),20080927,5
605,Temple,20080927,6
606,Syracuse,20080927,7
607,Akron,20080927,8
608,Colorado State,20080927,9
609,Eastern Michigan,20080927,10
610,Kent State,20080927,11
611,Louisiana-Monroe,20080927,12
612,Middle Tennessee,20080927,13
613,Marshall,20080927,14
614,Tulane,20080927,15
615,Arkansas State,20080927,16
616,UNLV,20080927,17
617,New Mexico State,20080927,18
618,Rice,20080927,19
619,SMU,20080927,20
620,Louisiana-Lafayette,20080927,21
621,Northern Illinois,20080927,22
622,Army,20080927,23
623,Utah State,20080927,24
624,Duke,20080927,25
625,Florida International,20080927,26
626,UAB,20080927,27
627,Idaho,20080927,28
628,North Texas,20080927,29
629,WKU,20080927,30
630,LSU,20080927,31
631,Appalachian State,20080927,32
632,Northern Iowa,20080927,33
633,West Virginia,20080927,34
634,Missouri,20080927,35
635,Massachusetts,20080927,36
636,Richmond,20080927,37
637,Kansas,20080927,38
638,Georgia,20080927,39
639,N Dakota State,20080927,40
640,Delaware,20080927,41
641,USC,20080927,42
642,Oklahoma,20080927,43
643,Southern Illinois,20080927,44
644,James Madison,20080927,45
645,Ohio State,20080927,46
646,Florida,20080927,47
647,McNeese State,20080927,48
648,Villanova,20080927,49
649,Virginia Tech,20080927,50
650,Oregon,20080927,51
651,Wofford,20080927,52
652,Yale,20080927,53
653,Arizona State,20080927,54
654,Tennessee,20080927,55
655,Montana,20080927,56
656,Elon,20080927,57
657,BYU,20080927,58
658,Boston College,20080927,59
659,New Hampshire,20080927,60
660,Ga Southern,20080927,61
661,Texas,20080927,62
662,Cincinnati,20080927,63
663,Eastern Washington,20080927,64
664,Youngstown State,20080927,65
665,South Florida,20080927,66
666,Auburn,20080927,67
667,S Dakota State,20080927,68
668,Hofstra,20080927,69
669,Clemson,20080927,70
670,Oregon State,20080927,71
671,Harvard,20080927,72
672,Dayton,20080927,73
673,Michigan,20080927,74
674,Kentucky,20080927,75
675,Eastern Kentucky,20080927,76
676,Citadel,20080927,77
677,Illinois,20080927,78
678,Hawai'i,20080927,79
679,Furman,20080927,80
680,Delaware State,20080927,81
681,Penn State,20080927,82
682,Wake Forest,20080927,83
683,Grambling,20080927,84
684,S Carolina State,20080927,85
685,Connecticut,20080927,86
686,Utah,20080927,87
687,Holy Cross,20080927,88
688,Western Illinois,20080927,89
689,Arkansas,20080927,90
690,Wisconsin,20080927,91
691,Jackson State,20080927,92
692,Southern Univ,20080927,93
693,Texas Tech,20080927,94
694,Virginia,20080927,95
695,Liberty,20080927,96
696,Norfolk State,20080927,97
697,Boise State,20080927,98
698,UCF,20080927,99
699,Fordham,20080927,100
700,Colgate,20080927,101
701,California,20080927,102
702,Rutgers,20080927,103
703,North Dakota,20080927,104
704,Alabama A&M,20080927,105
705,South Carolina,20080927,106
706,Air Force,20080927,107
707,San Diego,20080927,108
708,Albany NY,20080927,109
709,Alabama,20080927,110
710,Mississippi State,20080927,111
711,Eastern Illinois,20080927,112
712,Prairie View,20080927,113
713,Oklahoma State,20080927,114
714,UCLA,20080927,115
715,Cal Poly SLO,20080927,116
716,Northern Arizona,20080927,117
717,Michigan State,20080927,118
718,Texas A&M,20080927,119
719,Sam Houston State,20080927,120
720,William & Mary,20081011,1
721,Florida State,20081011,2
722,Troy,20081011,3
723,Illinois State,20081011,4
724,Lafayette,20081011,5
725,Purdue,20081011,6
726,New Mexico,20081011,7
727,Hampton,20081011,8
728,Missouri State,20081011,9
729,Tulsa,20081011,10
730,TCU,20081011,11
731,Cent Arkansas,20081011,12
732,UCentral Davis,20081011,13
733,Louisville,20081011,14
734,Fresno State,20081011,15
735,Northeastern,20081011,16
736,Lehigh,20081011,17
737,East Carolina,20081011,18
738,Maryland,20081011,19
739,Stony Brook,20081011,20
740,Jacksonville State,20081011,21
741,Georgia Tech,20081011,22
742,Arizona,20081011,23
743,Maine,20081011,24
744,Montana State,20081011,25
745,Colorado,20081011,26
746,Vanderbilt,20081011,27
747,Brown,20081011,28
748,Towson,20081011,29
749,Nebraska,20081011,30
750,Kansas State,20081011,31
751,Rhode Island,20081011,32
752,W Salem State,20081011,33
753,Indiana,20081011,34
754,Florida Atlantic,20081011,35
755,Nicholls State,20081011,36
756,Gardner Webb,20081011,37
757,Pittsburgh,20081011,38
758,Navy,20081011,39
759,Chattanooga,20081011,40
760,Weber State,20081011,41
761,Washington,20081011,42
762,Washington State,20081011,43
763,Penn,20081011,44
764,Cornell,20081011,45
765,North Carolina State,20081011,46
766,Houston,20081011,47
767,Morehead State,20081011,48
768,Coastal Car,20081011,49
769,Iowa,20081011,50
770,Central Michigan,20081011,51
771,Tennessee State,20081011,52
772,Alabama State,20081011,53
773,Bowling Green,20081011,54
774,Ball State,20081011,55
775,Ark Pine Bluff,20081011,56
776,Morgan State,20081011,57
777,Southern Mississippi,20081011,58
778,Northwestern,20081011,59
779,Austin Peay,20081011,60
780,Western Carolina,20081011,61
781,Miami (Florida),20081011,62
782,North Carolina,20081011,63
783,CSouthern Sacramento,20081011,64
784,Davidson,20081011,65
785,Stanford,20081011,66
786,Wyoming,20081011,67
787,TNorthern Martin,20081011,68
788,Northwestern LA,20081011,69
789,Louisiana-Monroe,20081011,70
790,Mississippi,20081011,71
791,Princeton,20081011,72
792,Texas State,20081011,73
793,Nevada,20081011,74
794,Middle Tennessee,20081011,75
795,Portland State,20081011,76
796,Drake,20081011,77
797,Notre Dame,20081011,78
798,San Diego State,20081011,79
799,Bethune-Cookman,20081011,80
800,Dartmouth,20081011,81
801,Ohio,20081011,82
802,Western Michigan,20081011,83
803,SEastern Louisiana,20081011,84
804,Central Conn,20081011,85
805,Memphis,20081011,86
806,Iowa State,20081011,87
807,Monmouth NJ,20081011,88
808,Wagner,20081011,89
809,Miami (Ohio),20081011,90
810,Arkansas State,20081011,91
811,Howard,20081011,92
812,Tennessee Tech,20081011,93
813,Colorado State,20081011,94
814,Louisiana Tech,20081011,95
815,Florida A&M,20081011,96
816,Samford,20081011,97
817,Buffalo,20081011,98
818,San Jose State,20081011,99
819,Charleston So,20081011,100
820,Idaho State,20081011,101
821,Toledo,20081011,102
822,Akron,20081011,103
823,Presbyterian,20081011,104
824,Alcorn State,20081011,105
825,Syracuse,20081011,106
826,UTEP,20081011,107
827,Robert Morris,20081011,108
828,Bucknell,20081011,109
829,Marshall,20081011,110
830,Eastern Michigan,20081011,111
831,Southern Utah,20081011,112
832,MS Valley State,20081011,113
833,Baylor,20081011,114
834,Minnesota,20081011,115
835,SE Missouri State,20081011,116
836,Duquesne,20081011,117
837,WKU,20081011,118
838,UNLV,20081011,119
839,NCentral Central,20081011,120
840,Murray State,20081018,1
841,Temple,20081018,2
842,Tulane,20081018,3
843,Northern Colorado,20081018,4
844,Columbia,20081018,5
845,Army,20081018,6
846,Duke,20081018,7
847,Iona,20081018,8
848,South Dakota,20081018,9
849,Louisiana-Lafayette,20081018,10
850,New Mexico State,20081018,11
851,VMI,20081018,12
852,Georgetown,20081018,13
853,Kent State,20081018,14
854,Utah State,20081018,15
855,Jacksonville,20081018,16
856,Valparaiso,20081018,17
857,Rice,20081018,18
858,UAB,20081018,19
859,SF Austin,20081018,20
860,St Francis PA,20081018,21
861,Northern Illinois,20081018,22
862,North Texas,20081018,23
863,Indiana State,20081018,24
864,TX Southern,20081018,25
865,SMU,20081018,26
866,Florida International,20081018,27
867,NCentral A&T,20081018,28
868,Marist,20081018,29
869,Idaho,20081018,30
870,Butler,20081018,31
871,Sacred Heart,20081018,32
872,Bryant,20081018,33
873,Savannah State,20081018,34
874,Campbell,20081018,35
875,Ohio State,20081018,36
876,Georgia,20081018,37
877,USC,20081018,38
878,Kansas,20081018,39
879,Florida,20081018,40
880,LSU,20081018,41
881,Missouri,20081018,42
882,Texas,20081018,43
883,Oklahoma,20081018,44
884,Oregon,20081018,45
885,South Florida,20081018,46
886,Tennessee,20081018,47
887,West Virginia,20081018,48
888,Auburn,20081018,49
889,Texas Tech,20081018,50
890,Wisconsin,20081018,51
891,Cincinnati,20081018,52
892,Oregon State,20081018,53
893,Penn State,20081018,54
894,Boston College,20081018,55
895,BYU,20081018,56
896,Virginia Tech,20081018,57
897,Wake Forest,20081018,58
898,Clemson,20081018,59
899,Utah,20081018,60
900,Arizona State,20081018,61
901,Fresno State,20081018,62
902,Boise State,20081018,63
903,Alabama,20081018,64
904,Kentucky,20081018,65
905,Connecticut,20081018,66
906,South Carolina,20081018,67
907,TCU,20081018,68
908,New Mexico,20081018,69
909,East Carolina,20081018,70
910,Michigan State,20081018,71
911,Michigan,20081018,72
912,Florida Atlantic,20081018,73
913,Hawai'i,20081018,74
914,California,20081018,75
915,Rutgers,20081018,76
916,Troy,20081018,77
917,UCF,20081018,78
918,Mississippi State,20081018,79
919,Illinois,20081018,80
920,Tulsa,20081018,81
921,Maryland,20081018,82
922,Florida State,20081018,83
923,Virginia,20081018,84
924,Louisville,20081018,85
925,Purdue,20081018,86
926,Pittsburgh,20081018,87
927,Central Michigan,20081018,88
928,Arkansas,20081018,89
929,Oklahoma State,20081018,90
930,Arizona,20081018,91
931,UCLA,20081018,92
932,Indiana,20081018,93
933,Bowling Green,20081018,94
934,Texas A&M,20081018,95
935,Western Michigan,20081018,96
936,Temple,20081018,97
937,Houston,20081018,98
938,Ball State,20081018,99
939,Colorado,20081018,100
940,Iowa,20081018,101
941,Buffalo,20081018,102
942,North Carolina,20081018,103
943,Nevada,20081018,104
944,Stanford,20081018,105
945,Nebraska,20081018,106
946,Wyoming,20081018,107
947,Northwestern,20081018,108
948,Vanderbilt,20081018,109
949,Ohio,20081018,110
950,Miami (Ohio),20081018,111
951,Louisiana-Monroe,20081018,112
952,Toledo,20081018,113
953,Washington State,20081018,114
954,Air Force,20081018,115
955,Notre Dame,20081018,116
956,Washington,20081018,117
957,Southern Mississippi,20081018,118
958,Kansas State,20081018,119
959,Georgia Tech,20081018,120
960,Marshall,20081026,1
961,Miami (Florida),20081026,2
962,Mississippi,20081026,3
963,WKU,20081026,4
964,Tulane,20081026,5
965,Eastern Michigan,20081026,6
966,Memphis,20081026,7
967,UTEP,20081026,8
968,Navy,20081026,9
969,San Jose State,20081026,10
970,Louisiana Tech,20081026,11
971,Middle Tennessee,20081026,12
972,Akron,20081026,13
973,Northern Illinois,20081026,14
974,Rice,20081026,15
975,Minnesota,20081026,16
976,Arkansas State,20081026,17
977,Kent State,20081026,18
978,Utah State,20081026,19
979,New Mexico State,20081026,20
980,Colorado State,20081026,21
981,Louisiana-Lafayette,20081026,22
982,San Diego State,20081026,23
983,UNLV,20081026,24
984,North Carolina State,20081026,25
985,Iowa State,20081026,26
986,Baylor,20081026,27
987,UAB,20081026,28
988,Duke,20081026,29
989,Idaho,20081026,30
990,Syracuse,20081026,31
991,SMU,20081026,32
992,North Texas,20081026,33
993,Florida International,20081026,34
994,Army,20081026,35
995,Ohio State,20081026,36
996,Missouri,20081026,37
997,USC,20081026,38
998,South Carolina,20081026,39
999,North Carolina,20081026,40
1000,Florida,20081026,41
1001,Oklahoma,20081026,42
1002,Auburn,20081026,43
1003,California,20081026,44
1004,Virginia Tech,20081026,45
1005,Iowa,20081026,46
1006,Wisconsin,20081026,47
1007,Wake Forest,20081026,48
1008,Kansas,20081026,49
1009,Arizona State,20081026,50
1010,Cincinnati,20081026,51
1011,Alabama,20081026,52
1012,South Florida,20081026,53
1013,Texas Tech,20081026,54
1014,Pittsburgh,20081026,55
1015,Georgia,20081026,56
1016,Texas,20081026,57
1017,Illinois,20081026,58
1018,Florida State,20081026,59
1019,Arizona,20081026,60
1020,Clemson,20081026,61
1021,Northwestern,20081026,62
1022,LSU,20081026,63
1023,Miami (Florida),20081026,64
1024,West Virginia,20081026,65
1025,Tennessee,20081026,66
1026,Boston College,20081026,67
1027,Penn State,20081026,68
1028,Colorado,20081026,69
1029,Oregon,20081026,70
1030,Oklahoma State,20081026,71
1031,Mississippi State,20081026,72
1032,Indiana,20081026,73
1033,Texas A&M,20081026,74
1034,UCLA,20081026,75
1035,BYU,20081026,76
1036,Purdue,20081026,77
1037,Hawai'i,20081026,78
1038,Rutgers,20081026,79
1039,UCF,20081026,80
1040,Washington,20081026,81
1041,Louisville,20081026,82
1042,Utah,20081026,83
1043,Connecticut,20081026,84
1044,Boise State,20081026,85
1045,Michigan State,20081026,86
1046,Tulsa,20081026,87
1047,Nebraska,20081026,88
1048,Air Force,20081026,89
1049,Mississippi,20081026,90
1050,TCU,20081026,91
1051,Michigan,20081026,92
1052,Troy,20081026,93
1053,Notre Dame,20081026,94
1054,East Carolina,20081026,95
1055,Oregon State,20081026,96
1056,New Mexico,20081026,97
1057,Duke,20081026,98
1058,Fresno State,20081026,99
1059,Iowa State,20081026,100
1060,Houston,20081026,101
1061,Maryland,20081026,102
1062,Florida Atlantic,20081026,103
1063,Virginia,20081026,104
1064,Southern Mississippi,20081026,105
1065,Kentucky,20081026,106
1066,Wyoming,20081026,107
1067,North Carolina State,20081026,108
1068,Ball State,20081026,109
1069,Stanford,20081026,110
1070,Central Michigan,20081026,111
1071,Kansas State,20081026,112
1072,Navy,20081026,113
1073,Georgia Tech,20081026,114
1074,Nevada,20081026,115
1075,Minnesota,20081026,116
1076,Bowling Green,20081026,117
1077,Arkansas,20081026,118
1078,Arkansas State,20081026,119
1079,Baylor,20081026,120
1080,Western Michigan,20081102,1
1081,Vanderbilt,20081102,2
1082,Louisiana-Monroe,20081102,3
1083,Washington State,20081102,4
1084,Middle Tennessee,20081102,5
1085,Syracuse,20081102,6
1086,San Jose State,20081102,7
1087,Ohio,20081102,8
1088,Louisiana Tech,20081102,9
1089,San Diego State,20081102,10
1090,UTEP,20081102,11
1091,Memphis,20081102,12
1092,Miami (Ohio),20081102,13
1093,Akron,20081102,14
1094,Toledo,20081102,15
1095,Buffalo,20081102,16
1096,Colorado State,20081102,17
1097,Temple,20081102,18
1098,UNLV,20081102,19
1099,Marshall,20081102,20
1100,Eastern Michigan,20081102,21
1101,Tulane,20081102,22
1102,Army,20081102,23
1103,Kent State,20081102,24
1104,New Mexico State,20081102,25
1105,Louisiana-Lafayette,20081102,26
1106,Utah State,20081102,27
1107,Rice,20081102,28
1108,UAB,20081102,29
1109,SMU,20081102,30
1110,Idaho,20081102,31
1111,Northern Illinois,20081102,32
1112,Florida International,20081102,33
1113,North Texas,20081102,34
1114,WKU,20081102,35
1115,Georgia,20081102,36
1116,Appalachian State,20081102,37
1117,N Dakota State,20081102,38
1118,Ohio State,20081102,39
1119,Oklahoma,20081102,40
1120,James Madison,20081102,41
1121,Northern Iowa,20081102,42
1122,Florida,20081102,43
1123,Missouri,20081102,44
1124,Massachusetts,20081102,45
1125,Delaware,20081102,46
1126,West Virginia,20081102,47
1127,USC,20081102,48
1128,Richmond,20081102,49
1129,North Dakota,20081102,50
1130,Auburn,20081102,51
1131,Clemson,20081102,52
1132,Montana,20081102,53
1133,McNeese State,20081102,54
1134,LSU,20081102,55
1135,Texas Tech,20081102,56
1136,S Dakota State,20081102,57
1137,Eastern Washington,20081102,58
1138,Texas,20081102,59
1139,Kansas,20081102,60
1140,Cal Poly SLO,20081102,61
1141,Southern Illinois,20081102,62
1142,Arizona State,20081102,63
1143,Wisconsin,20081102,64
1144,Elon,20081102,65
1145,New Hampshire,20081102,66
1146,South Florida,20081102,67
1147,BYU,20081102,68
1148,UCentral Davis,20081102,69
1149,Wofford,20081102,70
1150,Virginia Tech,20081102,71
1151,Penn State,20081102,72
1152,Villanova,20081102,73
1153,Furman,20081102,74
1154,Oregon,20081102,75
1155,South Carolina,20081102,76
1156,Western Illinois,20081102,77
1157,Ga Southern,20081102,78
1158,Tennessee,20081102,79
1159,Alabama,20081102,80
1160,Holy Cross,20081102,81
1161,Eastern Illinois,20081102,82
1162,Florida State,20081102,83
1163,Utah,20081102,84
1164,Youngstown State,20081102,85
1165,Harvard,20081102,86
1166,Michigan,20081102,87
1167,Wake Forest,20081102,88
1168,Hofstra,20081102,89
1169,Liberty,20081102,90
1170,Illinois,20081102,91
1171,Pittsburgh,20081102,92
1172,Montana State,20081102,93
1173,Citadel,20081102,94
1174,Rutgers,20081102,95
1175,California,20081102,96
1176,Yale,20081102,97
1177,Cent Arkansas,20081102,98
1178,Oklahoma State,20081102,99
1179,Boise State,20081102,100
1180,Delaware State,20081102,101
1181,Sam Houston State,20081102,102
1182,Fresno State,20081102,103
1183,Michigan State,20081102,104
1184,Illinois State,20081102,105
1185,Southern Univ,20081102,106
1186,UCLA,20081102,107
1187,Boston College,20081102,108
1188,San Diego,20081102,109
1189,Maine,20081102,110
1190,Cincinnati,20081102,111
1191,Arizona,20081102,112
1192,Fordham,20081102,113
1193,Northern Arizona,20081102,114
1194,Maryland,20081102,115
1195,Oregon State,20081102,116
1196,South Dakota,20081102,117
1197,Eastern Kentucky,20081102,118
1198,TCU,20081102,119
1199,Miami (Florida),20081102,120
1200,Missouri State,20081108,1
1201,Portland State,20081108,2
1202,Texas A&M,20081108,3
1203,Nebraska,20081108,4
1204,Hampton,20081108,5
1205,Chattanooga,20081108,6
1206,Iowa,20081108,7
1207,North Carolina,20081108,8
1208,William & Mary,20081108,9
1209,Northwestern LA,20081108,10
1210,Colorado,20081108,11
1211,Connecticut,20081108,12
1212,Colgate,20081108,13
1213,Towson,20081108,14
1214,Mississippi State,20081108,15
1215,Notre Dame,20081108,16
1216,Coastal Car,20081108,17
1217,Penn,20081108,18
1218,Kansas State,20081108,19
1219,Kentucky,20081108,20
1220,Albany NY,20081108,21
1221,Northeastern,20081108,22
1222,Arkansas,20081108,23
1223,Purdue,20081108,24
1224,Lehigh,20081108,25
1225,Jackson State,20081108,26
1226,Tulsa,20081108,27
1227,Louisville,20081108,28
1228,Lafayette,20081108,29
1229,Brown,20081108,30
1230,Washington,20081108,31
1231,Mississippi,20081108,32
1232,Rhode Island,20081108,33
1233,Morehead State,20081108,34
1234,UCF,20081108,35
1235,East Carolina,20081108,36
1236,Grambling,20081108,37
1237,Jacksonville State,20081108,38
1238,Georgia Tech,20081108,39
1239,Indiana,20081108,40
1240,CSouthern Sacramento,20081108,41
1241,Alabama A&M,20081108,42
1242,North Carolina State,20081108,43
1243,Northwestern,20081108,44
1244,S Carolina State,20081108,45
1245,Austin Peay,20081108,46
1246,Central Michigan,20081108,47
1247,Hawai'i,20081108,48
1248,Weber State,20081108,49
1249,SF Austin,20081108,50
1250,Virginia,20081108,51
1251,Ball State,20081108,52
1252,Western Carolina,20081108,53
1253,Texas State,20081108,54
1254,Stanford,20081108,55
1255,Washington State,20081108,56
1256,Southern Utah,20081108,57
1257,Gardner Webb,20081108,58
1258,Houston,20081108,59
1259,Nevada,20081108,60
1260,Nicholls State,20081108,61
1261,Prairie View,20081108,62
1262,Florida Atlantic,20081108,63
1263,Navy,20081108,64
1264,Princeton,20081108,65
1265,Idaho State,20081108,66
1266,Minnesota,20081108,67
1267,Vanderbilt,20081108,68
1268,Charleston So,20081108,69
1269,Dartmouth,20081108,70
1270,New Mexico,20081108,71
1271,Air Force,20081108,72
1272,Cornell,20081108,73
1273,Norfolk State,20081108,74
1274,Iowa State,20081108,75
1275,Western Michigan,20081108,76
1276,W Salem State,20081108,77
1277,Morgan State,20081108,78
1278,Southern Mississippi,20081108,79
1279,Wyoming,20081108,80
1280,Alabama State,20081108,81
1281,Tennessee State,20081108,82
1282,Troy,20081108,83
1283,Bowling Green,20081108,84
1284,Ark Pine Bluff,20081108,85
1285,Duquesne,20081108,86
1286,Miami (Ohio),20081108,87
1287,Memphis,20081108,88
1288,Florida A&M,20081108,89
1289,SEastern Louisiana,20081108,90
1290,Marshall,20081108,91
1291,Duke,20081108,92
1292,TNorthern Martin,20081108,93
1293,Tennessee Tech,20081108,94
1294,UTEP,20081108,95
1295,Syracuse,20081108,96
1296,Stony Brook,20081108,97
1297,Dayton,20081108,98
1298,Baylor,20081108,99
1299,WKU,20081108,100
1300,Monmouth NJ,20081108,101
1301,Bucknell,20081108,102
1302,Buffalo,20081108,103
1303,Kent State,20081108,104
1304,Samford,20081108,105
1305,Alcorn State,20081108,106
1306,San Jose State,20081108,107
1307,SMU,20081108,108
1308,Northern Colorado,20081108,109
1309,Bethune-Cookman,20081108,110
1310,San Diego State,20081108,111
1311,New Mexico State,20081108,112
1312,Columbia,20081108,113
1313,Howard,20081108,114
1314,Colorado State,20081108,115
1315,Northern Illinois,20081108,116
1316,Iona,20081108,117
1317,Central Conn,20081108,118
1318,UNLV,20081108,119
1319,Toledo,20081108,120
1320,Davidson,20081115,1
1321,VMI,20081115,2
1322,Louisiana Tech,20081115,3
1323,Temple,20081115,4
1324,Wagner,20081115,5
1325,Jacksonville,20081115,6
1326,Louisiana-Lafayette,20081115,7
1327,Arkansas State,20081115,8
1328,Murray State,20081115,9
1329,SE Missouri State,20081115,10
1330,Ohio,20081115,11
1331,Tulane,20081115,12
1332,Robert Morris,20081115,13
1333,MS Valley State,20081115,14
1334,Eastern Michigan,20081115,15
1335,Rice,20081115,16
1336,Presbyterian,20081115,17
1337,Georgetown,20081115,18
1338,Akron,20081115,19
1339,Middle Tennessee,20081115,20
1340,NCentral Central,20081115,21
1341,Drake,20081115,22
1342,Louisiana-Monroe,20081115,23
1343,UAB,20081115,24
1344,TX Southern,20081115,25
1345,NCentral A&T,20081115,26
1346,Utah State,20081115,27
1347,Idaho,20081115,28
1348,St Francis PA,20081115,29
1349,Indiana State,20081115,30
1350,North Texas,20081115,31
1351,Army,20081115,32
1352,Sacred Heart,20081115,33
1353,Marist,20081115,34
1354,Florida International,20081115,35
1355,Valparaiso,20081115,36
1356,Bryant,20081115,37
1357,Butler,20081115,38
1358,Campbell,20081115,39
1359,Savannah State,20081115,40
1360,Appalachian State,20081115,41
1361,Georgia,20081115,42
1362,Oklahoma,20081115,43
1363,James Madison,20081115,44
1364,Northern Iowa,20081115,45
1365,Ohio State,20081115,46
1366,Florida,20081115,47
1367,Delaware,20081115,48
1368,Eastern Washington,20081115,49
1369,Missouri,20081115,50
1370,West Virginia,20081115,51
1371,N Dakota State,20081115,52
1372,North Dakota,20081115,53
1373,LSU,20081115,54
1374,Auburn,20081115,55
1375,Richmond,20081115,56
1376,Elon,20081115,57
1377,Texas Tech,20081115,58
1378,Kansas,20081115,59
1379,Furman,20081115,60
1380,Massachusetts,20081115,61
1381,Clemson,20081115,62
1382,South Florida,20081115,63
1383,Montana,20081115,64
1384,Wofford,20081115,65
1385,USC,20081115,66
1386,Texas,20081115,67
1387,Youngstown State,20081115,68
1388,McNeese State,20081115,69
1389,Tennessee,20081115,70
1390,Oregon,20081115,71
1391,S Dakota State,20081115,72
1392,Southern Illinois,20081115,73
1393,BYU,20081115,74
1394,Arizona State,20081115,75
1395,Villanova,20081115,76
1396,Western Illinois,20081115,77
1397,South Carolina,20081115,78
1398,Virginia Tech,20081115,79
1399,New Hampshire,20081115,80
1400,Cal Poly SLO,20081115,81
1401,Wisconsin,20081115,82
1402,Penn State,20081115,83
1403,Eastern Illinois,20081115,84
1404,Ga Southern,20081115,85
1405,Wake Forest,20081115,86
1406,California,20081115,87
1407,Hofstra,20081115,88
1408,Illinois State,20081115,89
1409,Michigan,20081115,90
1410,Rutgers,20081115,91
1411,Citadel,20081115,92
1412,Delaware State,20081115,93
1413,Alabama,20081115,94
1414,Illinois,20081115,95
1415,William & Mary,20081115,96
1416,Missouri State,20081115,97
1417,Oklahoma State,20081115,98
1418,Pittsburgh,20081115,99
1419,Harvard,20081115,100
1420,UCentral Davis,20081115,101
1421,Florida State,20081115,102
1422,Fresno State,20081115,103
1423,Maine,20081115,104
1424,Cent Arkansas,20081115,105
1425,Oregon State,20081115,106
1426,Mississippi State,20081115,107
1427,Fordham,20081115,108
1428,Liberty,20081115,109
1429,Utah,20081115,110
1430,Cincinnati,20081115,111
1431,Sam Houston State,20081115,112
1432,Yale,20081115,113
1433,UCLA,20081115,114
1434,Boston College,20081115,115
1435,Holy Cross,20081115,116
1436,Eastern Kentucky,20081115,117
1437,Arkansas,20081115,118
1438,Colorado,20081115,119
1439,Northeastern,20081115,120
1440,Rhode Island,20081123,1
1441,Maryland,20081123,2
1442,Michigan State,20081123,3
1443,South Dakota,20081123,4
1444,Montana State,20081123,5
1445,Kentucky,20081123,6
1446,Connecticut,20081123,7
1447,Coastal Car,20081123,8
1448,Dayton,20081123,9
1449,Nebraska,20081123,10
1450,Texas A&M,20081123,11
1451,Colgate,20081123,12
1452,Northern Arizona,20081123,13
1453,Louisville,20081123,14
1454,Boise State,20081123,15
1455,Towson,20081123,16
1456,Southern Univ,20081123,17
1457,Arizona,20081123,18
1458,Iowa,20081123,19
1459,Albany NY,20081123,20
1460,Chattanooga,20081123,21
1461,Tulsa,20081123,22
1462,North Carolina,20081123,23
1463,Hampton,20081123,24
1464,Lafayette,20081123,25
1465,TCU,20081123,26
1466,Notre Dame,20081123,27
1467,Northwestern LA,20081123,28
1468,Lehigh,20081123,29
1469,Purdue,20081123,30
1470,Washington,20081123,31
1471,Penn,20081123,32
1472,Jackson State,20081123,33
1473,Hawai'i,20081123,34
1474,Georgia Tech,20081123,35
1475,Grambling,20081123,36
1476,SF Austin,20081123,37
1477,Miami (Florida),20081123,38
1478,Stanford,20081123,39
1479,Nicholls State,20081123,40
1480,Morehead State,20081123,41
1481,North Carolina State,20081123,42
1482,UCF,20081123,43
1483,Texas State,20081123,44
1484,Alabama A&M,20081123,45
1485,Kansas State,20081123,46
1486,East Carolina,20081123,47
1487,Prairie View,20081123,48
1488,Portland State,20081123,49
1489,Indiana,20081123,50
1490,Northwestern,20081123,51
1491,Weber State,20081123,52
1492,CSouthern Sacramento,20081123,53
1493,Virginia,20081123,54
1494,Washington State,20081123,55
1495,Idaho State,20081123,56
1496,Northern Colorado,20081123,57
1497,Vanderbilt,20081123,58
1498,New Mexico,20081123,59
1499,S Carolina State,20081123,60
1500,Norfolk State,20081123,61
1501,Central Michigan,20081123,62
1502,Mississippi,20081123,63
1503,Western Carolina,20081123,64
1504,Brown,20081123,65
1505,Houston,20081123,66
1506,Florida Atlantic,20081123,67
1507,Dartmouth,20081123,68
1508,Princeton,20081123,69
1509,Ball State,20081123,70
1510,Navy,20081123,71
1511,Southern Utah,20081123,72
1512,Cornell,20081123,73
1513,Troy,20081123,74
1514,Minnesota,20081123,75
1515,W Salem State,20081123,76
1516,Gardner Webb,20081123,77
1517,Nevada,20081123,78
1518,Air Force,20081123,79
1519,Alabama State,20081123,80
1520,San Diego,20081123,81
1521,Wyoming,20081123,82
1522,Miami (Ohio),20081123,83
1523,Jacksonville State,20081123,84
1524,Morgan State,20081123,85
1525,Duke,20081123,86
1526,Iowa State,20081123,87
1527,Charleston So,20081123,88
1528,Davidson,20081123,89
1529,Memphis,20081123,90
1530,Bowling Green,20081123,91
1531,Florida A&M,20081123,92
1532,Bethune-Cookman,20081123,93
1533,Western Michigan,20081123,94
1534,Southern Mississippi,20081123,95
1535,Ark Pine Bluff,20081123,96
1536,Howard,20081123,97
1537,Baylor,20081123,98
1538,Syracuse,20081123,99
1539,Stony Brook,20081123,100
1540,Tennessee State,20081123,101
1541,Marshall,20081123,102
1542,UNLV,20081123,103
1543,MS Valley State,20081123,104
1544,Austin Peay,20081123,105
1545,Colorado State,20081123,106
1546,Buffalo,20081123,107
1547,TNorthern Martin,20081123,108
1548,Samford,20081123,109
1549,San Diego State,20081123,110
1550,Louisiana-Monroe,20081123,111
1551,Alcorn State,20081123,112
1552,Tennessee Tech,20081123,113
1553,Toledo,20081123,114
1554,Kent State,20081123,115
1555,VMI,20081123,116
1556,Murray State,20081123,117
1557,New Mexico State,20081123,118
1558,Northern Illinois,20081123,119
1559,SE Missouri State,20081123,120
1560,Bucknell,20081129,1
1561,UTEP,20081129,2
1562,Louisiana Tech,20081129,3
1563,Presbyterian,20081129,4
1564,Jacksonville,20081129,5
1565,San Jose State,20081129,6
1566,Eastern Michigan,20081129,7
1567,Monmouth NJ,20081129,8
1568,SEastern Louisiana,20081129,9
1569,Temple,20081129,10
1570,SMU,20081129,11
1571,Duquesne,20081129,12
1572,Central Conn,20081129,13
1573,WKU,20081129,14
1574,Rice,20081129,15
1575,Iona,20081129,16
1576,Robert Morris,20081129,17
1577,Akron,20081129,18
1578,Arkansas State,20081129,19
1579,Wagner,20081129,20
1580,St Francis PA,20081129,21
1581,Middle Tennessee,20081129,22
1582,Louisiana-Lafayette,20081129,23
1583,Georgetown,20081129,24
1584,Sacred Heart,20081129,25
1585,Ohio,20081129,26
1586,Utah State,20081129,27
1587,Columbia,20081129,28
1588,Marist,20081129,29
1589,Tulane,20081129,30
1590,UAB,20081129,31
1591,Drake,20081129,32
1592,Indiana State,20081129,33
1593,Army,20081129,34
1594,North Texas,20081129,35
1595,TX Southern,20081129,36
1596,Valparaiso,20081129,37
1597,Idaho,20081129,38
1598,Florida International,20081129,39
1599,Butler,20081129,40
1600,NCentral Central,20081129,41
1601,NCentral A&T,20081129,42
1602,Bryant,20081129,43
1603,Campbell,20081129,44
1604,Savannah State,20081129,45
1605,Georgia,20081129,46
1606,Ohio State,20081129,47
1607,USC,20081129,48
1608,Oklahoma,20081129,49
1609,Florida,20081129,50
1610,Missouri,20081129,51
1611,LSU,20081129,52
1612,West Virginia,20081129,53
1613,Clemson,20081129,54
1614,Texas,20081129,55
1615,Auburn,20081129,56
1616,Wisconsin,20081129,57
1617,Kansas,20081129,58
1618,Arizona State,20081129,59
1619,BYU,20081129,60
1620,Virginia Tech,20081129,61
1621,Illinois,20081129,62
1622,Texas Tech,20081129,63
1623,Oregon,20081129,64
1624,Tennessee,20081129,65
1625,South Florida,20081129,66
1626,Michigan,20081129,67
1627,Alabama,20081129,68
1628,Penn State,20081129,69
1629,Wake Forest,20081129,70
1630,Fresno State,20081129,71
1631,Boston College,20081129,72
1632,Rutgers,20081129,73
1633,Cincinnati,20081129,74
1634,Florida State,20081129,75
1635,California,20081129,76
1636,Arkansas,20081129,77
1637,Utah,20081129,78
1638,Hawai'i,20081129,79
1639,Oregon State,20081129,80
1640,Boise State,20081129,81
1641,Virginia,20081129,82
1642,Kentucky,20081129,83
1643,Texas A&M,20081129,84
1644,Michigan State,20081129,85
1645,Georgia Tech,20081129,86
1646,Notre Dame,20081129,87
1647,Purdue,20081129,88
1648,Louisville,20081129,89
1649,South Carolina,20081129,90
1650,Iowa,20081129,91
1651,Maryland,20081129,92
1652,Pittsburgh,20081129,93
1653,UCLA,20081129,94
1654,Kansas State,20081129,95
1655,Nebraska,20081129,96
1656,Miami (Florida),20081129,97
1657,Washington State,20081129,98
1658,Connecticut,20081129,99
1659,Tulsa,20081129,100
1660,New Mexico,20081129,101
1661,Navy,20081129,102
1662,Air Force,20081129,103
1663,TCU,20081129,104
1664,Mississippi State,20081129,105
1665,UCF,20081129,106
1666,Houston,20081129,107
1667,Central Michigan,20081129,108
1668,East Carolina,20081129,109
1669,Oklahoma State,20081129,110
1670,Florida Atlantic,20081129,111
1671,Troy,20081129,112
1672,Bowling Green,20081129,113
1673,Indiana,20081129,114
1674,Northwestern,20081129,115
1675,Arizona,20081129,116
1676,Southern Mississippi,20081129,117
1677,Colorado,20081129,118
1678,Ball State,20081129,119
1679,North Carolina State,20081129,120
1680,Middle Tennessee,20081206,1
1681,Toledo,20081206,2
1682,Louisiana-Monroe,20081206,3
1683,Miami (Ohio),20081206,4
1684,Nevada,20081206,5
1685,Stanford,20081206,6
1686,Vanderbilt,20081206,7
1687,Louisiana Tech,20081206,8
1688,Washington,20081206,9
1689,San Jose State,20081206,10
1690,Memphis,20081206,11
1691,Wyoming,20081206,12
1692,Ohio,20081206,13
1693,North Carolina,20081206,14
1694,Buffalo,20081206,15
1695,Western Michigan,20081206,16
1696,WKU,20081206,17
1697,Akron,20081206,18
1698,Temple,20081206,19
1699,Tulane,20081206,20
1700,UTEP,20081206,21
1701,Iowa State,20081206,22
1702,Marshall,20081206,23
1703,Rice,20081206,24
1704,Eastern Michigan,20081206,25
1705,Arkansas State,20081206,26
1706,San Diego State,20081206,27
1707,Louisiana-Lafayette,20081206,28
1708,Colorado State,20081206,29
1709,New Mexico State,20081206,30
1710,Baylor,20081206,31
1711,Mississippi,20081206,32
1712,Army,20081206,33
1713,Syracuse,20081206,34
1714,Utah State,20081206,35
1715,Northern Illinois,20081206,36
1716,Kent State,20081206,37
1717,Florida International,20081206,38
1718,Minnesota,20081206,39
1719,UNLV,20081206,40
1720,UAB,20081206,41
1721,North Texas,20081206,42
1722,Duke,20081206,43
1723,Idaho,20081206,44
1724,SMU,20081206,45
1725,Ohio State,20081206,46
1726,Richmond,20081206,47
1727,Delaware,20081206,48
1728,Kansas,20081206,49
1729,Missouri,20081206,50
1730,James Madison,20081206,51
1731,Appalachian State,20081206,52
1732,West Virginia,20081206,53
1733,Florida,20081206,54
1734,Northern Iowa,20081206,55
1735,Villanova,20081206,56
1736,LSU,20081206,57
1737,Oklahoma,20081206,58
1738,Massachusetts,20081206,59
1739,N Dakota State,20081206,60
1740,USC,20081206,61
1741,Georgia,20081206,62
1742,Elon,20081206,63
1743,New Hampshire,20081206,64
1744,South Florida,20081206,65
1745,Oregon,20081206,66
1746,Western Illinois,20081206,67
1747,Southern Illinois,20081206,68
1748,Virginia Tech,20081206,69
1749,Auburn,20081206,70
1750,Yale,20081206,71
1751,Eastern Washington,20081206,72
1752,Cincinnati,20081206,73
1753,Clemson,20081206,74
1754,Harvard,20081206,75
1755,Citadel,20081206,76
1756,Texas Tech,20081206,77
1757,Arizona State,20081206,78
1758,Youngstown State,20081206,79
1759,McNeese State,20081206,80
1760,South Carolina,20081206,81
1761,Penn State,20081206,82
1762,S Dakota State,20081206,83
1763,Holy Cross,20081206,84
1764,Tennessee,20081206,85
1765,Connecticut,20081206,86
1766,Ga Southern,20081206,87
1767,S Carolina State,20081206,88
1768,Kentucky,20081206,89
1769,Illinois,20081206,90
1770,Wofford,20081206,91
1771,Colgate,20081206,92
1772,Oregon State,20081206,93
1773,Michigan,20081206,94
1774,Brown,20081206,95
1775,Cal Poly SLO,20081206,96
1776,BYU,20081206,97
1777,Boston College,20081206,98
1778,Montana,20081206,99
1779,William & Mary,20081206,100
1780,Texas,20081206,101
1781,Wisconsin,20081206,102
1782,Dayton,20081206,103
1783,Grambling,20081206,104
1784,Wake Forest,20081206,105
1785,Arkansas,20081206,106
1786,Cent Arkansas,20081206,107
1787,Northeastern,20081206,108
1788,Florida State,20081206,109
1789,Arizona,20081206,110
1790,Hampton,20081206,111
1791,Fordham,20081206,112
1792,Maryland,20081206,113
1793,Utah,20081206,114
1794,Prairie View,20081206,115
1795,Delaware State,20081206,116
1796,UCLA,20081206,117
1797,California,20081206,118
1798,Albany NY,20081206,119
1799,Furman,20081206,120
1800,Alabama,20090108,1
1801,Rutgers,20090108,2
1802,Hofstra,20090108,3
1803,Coastal Car,20090108,4
1804,Michigan State,20090108,5
1805,Mississippi State,20090108,6
1806,Eastern Kentucky,20090108,7
1807,Liberty,20090108,8
1808,Troy,20090108,9
1809,Oklahoma State,20090108,10
1810,Southern Univ,20090108,11
1811,Jackson State,20090108,12
1812,Washington State,20090108,13
1813,Louisville,20090108,14
1814,Cornell,20090108,15
1815,Lafayette,20090108,16
1816,Pittsburgh,20090108,17
1817,Fresno State,20090108,18
1818,Alabama A&M,20090108,19
1819,Missouri State,20090108,20
1820,Colorado,20090108,21
1821,TCU,20090108,22
1822,Stony Brook,20090108,23
1823,Illinois State,20090108,24
1824,Vanderbilt,20090108,25
1825,UCF,20090108,26
1826,Maine,20090108,27
1827,Norfolk State,20090108,28
1828,Kansas State,20090108,29
1829,North Carolina,20090108,30
1830,Lehigh,20090108,31
1831,Eastern Illinois,20090108,32
1832,Texas A&M,20090108,33
1833,Washington,20090108,34
1834,Towson,20090108,35
1835,Montana State,20090108,36
1836,Virginia,20090108,37
1837,Boise State,20090108,38
1838,San Diego,20090108,39
1839,Morgan State,20090108,40
1840,Purdue,20090108,41
1841,Hawai'i,20090108,42
1842,Tennessee State,20090108,43
1843,Dartmouth,20090108,44
1844,Georgia Tech,20090108,45
1845,Stanford,20090108,46
1846,TNorthern Martin,20090108,47
1847,Weber State,20090108,48
1848,Indiana,20090108,49
1849,Tulsa,20090108,50
1850,UCentral Davis,20090108,51
1851,Sam Houston State,20090108,52
1852,Florida Atlantic,20090108,53
1853,Iowa,20090108,54
1854,Princeton,20090108,55
1855,Texas State,20090108,56
1856,Miami (Florida),20090108,57
1857,Air Force,20090108,58
1858,Northwestern LA,20090108,59
1859,Austin Peay,20090108,60
1860,Ball State,20090108,61
1861,Nebraska,20090108,62
1862,Northern Arizona,20090108,63
1863,Nicholls State,20090108,64
1864,Central Michigan,20090108,65
1865,East Carolina,20090108,66
1866,Ark Pine Bluff,20090108,67
1867,Western Carolina,20090108,68
1868,Navy,20090108,69
1869,Notre Dame,20090108,70
1870,Presbyterian,20090108,71
1871,W Salem State,20090108,72
1872,New Mexico,20090108,73
1873,Mississippi,20090108,74
1874,Penn,20090108,75
1875,Rhode Island,20090108,76
1876,North Carolina State,20090108,77
1877,Wyoming,20090108,78
1878,Alabama State,20090108,79
1879,Jacksonville State,20090108,80
1880,Northwestern,20090108,81
1881,Bowling Green,20090108,82
1882,Bethune-Cookman,20090108,83
1883,Gardner Webb,20090108,84
1884,Houston,20090108,85
1885,Duke,20090108,86
1886,Chattanooga,20090108,87
1887,Monmouth NJ,20090108,88
1888,Western Michigan,20090108,89
1889,Louisiana-Monroe,20090108,90
1890,Florida A&M,20090108,91
1891,Central Conn,20090108,92
1892,Nevada,20090108,93
1893,Southern Mississippi,20090108,94
1894,Portland State,20090108,95
1895,CSouthern Sacramento,20090108,96
1896,Colorado State,20090108,97
1897,Miami (Ohio),20090108,98
1898,SEastern Louisiana,20090108,99
1899,Alcorn State,20090108,100
1900,Buffalo,20090108,101
1901,Marshall,20090108,102
1902,Idaho State,20090108,103
1903,North Dakota,20090108,104
1904,San Diego State,20090108,105
1905,Iowa State,20090108,106
1906,Morehead State,20090108,107
1907,Bucknell,20090108,108
1908,Minnesota,20090108,109
1909,Temple,20090108,110
1910,Southern Utah,20090108,111
1911,Charleston So,20090108,112
1912,Middle Tennessee,20090108,113
1913,UNLV,20090108,114
1914,MS Valley State,20090108,115
1915,NCentral A&T,20090108,116
1916,Eastern Michigan,20090108,117
1917,Northern Illinois,20090108,118
1918,Wagner,20090108,119
1919,Murray State,20090108,120
